name,rating,review_count,price_range,category,address,hours,phone,website,services,price_per_person,url,lat,lng
Bistro George,4.8,97,,Restaurant,"ÓÉą
level 1/176 George St, Sydney NSW 2000, Australia",ÓĘĶ | Closed ¬∑ Opens 12‚ÄĮPM Mon |  | See more hours |  | ÓĆē,"Óāį
+61 2 8027 9997",https://jacksonsongeorge.com.au/bistro-george/,"¬∑
Óóä
Dine-in, ¬∑
Óóć
Takeout, ¬∑
Óóć
Delivery",,https://www.google.com/maps/place/Bistro+George/data=!4m7!3m6!1s0x6b12afb3c85c3f83:0x79317b976288690!8m2!3d-33.8618074!4d151.2081456!16s%2Fg%2F11vbwcj92m!19sChIJgz9cyLOvEmsRkIYodrkXkwc?authuser=0&hl=en&rclk=1,-33.8618074,151.2081456
The Sanderson,4.7,394,,Restaurant,"ÓÉą
Enter Via Wynyard Lane, 285 George St, Sydney NSW 2000, Australia",Hours,"Óāį
+61 2 7225 5559",https://thesanderson.com.au/,"¬∑
Óóä
Dine-in, ¬∑
Óóć
Takeout, ¬∑
Óóć
Delivery",,https://www.google.com/maps/place/The+Sanderson/data=!4m7!3m6!1s0x6b12af03b895f5b1:0x62b9cd501a538994!8m2!3d-33.8654717!4d151.2068885!16s%2Fg%2F11tx1p5s54!19sChIJsfWVuAOvEmsRlIlTGlDNuWI?authuser=0&hl=en&rclk=1,-33.8654717,151.2068885
Open Sesame Sydney,4.7,785,,Middle Eastern restaurant,"ÓÉą
Shop CQT.08/180 George St, Sydney NSW 2000, Australia",Hours,"Óāį
+61 414 149 505",http://opensesamesydney.com.au/,"¬∑
Óóä
Dine-in, ¬∑
Óóä
Curbside pickup, ¬∑
Óóä
Delivery",A$20‚Äď40 per person,https://www.google.com/maps/place/Open+Sesame+Sydney/data=!4m7!3m6!1s0x6b12af9add53c06d:0x342ac8b695c0f3f7!8m2!3d-33.862144!4d151.208169!16s%2Fg%2F11st70xscn!19sChIJbcBT3ZqvEmsR9_PAlbbIKjQ?authuser=0&hl=en&rclk=1,-33.862144,151.208169
Esteban,4.7,"1,765",,Mexican restaurant,"ÓÉą
1 Temperance Ln, Sydney NSW 2000, Australia",Hours,"Óāį
+61 2 9290 7022",https://www.estebanrestaurant.com.au/,"¬∑
Óóä
Dine-in, ¬∑
Óóć
Takeout, ¬∑
Óóć
Delivery",,https://www.google.com/maps/place/Esteban/data=!4m7!3m6!1s0x6b12af5a1185c063:0x496c3ad0393c073b!8m2!3d-33.8696141!4d151.2065551!16s%2Fg%2F11qm1gf4xw!19sChIJY8CFEVqvEmsROwc8OdA6bEk?authuser=0&hl=en&rclk=1,-33.8696141,151.2065551
Bellucci Cucina,4.4,"1,200",Moderately priced,Italian restaurant,"ÓÉą
Upper Podium, 264/278 George St, Sydney NSW 2000, Australia",Hours,"Óāį
+61 2 9252 5325",http://www.bellucci.com.au/?utm_source=gmb,"¬∑
Óóä
Dine-in, ¬∑
Óóä
Takeout, ¬∑
Óóä
Delivery",,https://www.google.com/maps/place/Bellucci+Cucina/data=!4m7!3m6!1s0x6b12affad58b72e1:0x4a12efdabeefbb97!8m2!3d-33.8651272!4d151.2080465!16s%2Fg%2F11f62ddylm!19sChIJ4XKL1fqvEmsRl7vvvtrvEko?authuser=0&hl=en&rclk=1,-33.8651272,151.2080465
The Restaurant Pendolino,4.5,713,,Italian restaurant,"ÓÉą
Shop 100/412/414 George St, Sydney NSW 2000, Australia",Hours,"Óāį
+61 2 9231 6117",https://www.pendolino.com.au/,"¬∑
Óóä
Dine-in, ¬∑
Óóć
Takeout, ¬∑
Óóć
Delivery",,https://www.google.com/maps/place/The+Restaurant+Pendolino/data=!4m7!3m6!1s0x6b12ae3f74e15c2f:0x252775ec28d73380!8m2!3d-33.8694151!4d151.2071166!16s%2Fg%2F1v6p4fsw!19sChIJL1zhdD-uEmsRgDPXKOx1JyU?authuser=0&hl=en&rclk=1,-33.8694151,151.2071166
Don Don City,4.6,"2,306",,Korean restaurant,"ÓÉą
1/636-638 George St, Sydney NSW 2000, Australia",Hours,"Óāį
+61 2 9261 0023",https://m.facebook.com/DonDonSydney/?locale2=ko_KR,"¬∑
Óóä
Dine-in, ¬∑
Óóä
Takeout, ¬∑
Óóä
Delivery",A$20‚Äď40 per person,https://www.google.com/maps/place/Don+Don+City/data=!4m7!3m6!1s0x6b12ae3cf0545583:0x68b65aad8ba72efc!8m2!3d-33.8761505!4d151.2064821!16s%2Fg%2F11f3ttq4ns!19sChIJg1VU8DyuEmsR_C6ni61atmg?authuser=0&hl=en&rclk=1,-33.8761505,151.2064821
Sydney Place,4.5,33,,Restaurant,"ÓÉą
180 George St, Sydney NSW 2000, Australia",,,https://www.sydneyplace.com/?utm_source=google&utm_medium=google-my-business&utm_campaign=google-my-business,"¬∑
Óóä
Dine-in, ¬∑
Óóä
Takeout, ¬∑
Óóä
Delivery",A$20‚Äď40 per person,https://www.google.com/maps/place/Sydney+Place/data=!4m7!3m6!1s0x6b12af4ea22dcf29:0x2b403f8c26cfa7b1!8m2!3d-33.862144!4d151.208169!16s%2Fg%2F11sd036pqc!19sChIJKc8tok6vEmsRsafPJow_QCs?authuser=0&hl=en&rclk=1,-33.862144,151.208169
Primi Italian,4.7,"3,955",Moderately priced,Italian restaurant,"ÓÉą
168 Clarence St, Sydney NSW 2000, Australia",Hours,"Óāį
+61 2 8296 6430",https://primiitalian.com.au/,"¬∑
Óóä
Dine-in, ¬∑
Óóä
Curbside pickup, ¬∑
Óóä
No-contact delivery",,https://www.google.com/maps/place/Primi+Italian/data=!4m7!3m6!1s0x6b12afabd02f77b3:0x4d197ad2c0d8c51d!8m2!3d-33.8701437!4d151.2056158!16s%2Fg%2F11qpk24xgv!19sChIJs3cv0KuvEmsRHcXYwNJ6GU0?authuser=0&hl=en&rclk=1,-33.8701437,151.2056158
MuMu,4.1,"1,267",,Restaurant,"ÓÉą
330C George St, Sydney NSW 2000, Australia",Hours,"Óāį
+61 2 9114 7393",https://merivale.com/venues/mumu/?utm_source=googlemybusines_venue&utm_medium=organic&utm_campaign=googlemybusiness_venue_organic_mumu&utm_content=website,"¬∑
Óóä
Dine-in, ¬∑
Óóä
Takeout, ¬∑
Óóć
Delivery",,https://www.google.com/maps/place/MuMu/data=!4m7!3m6!1s0x6b12afcd664741e7:0x7b388f5af97033af!8m2!3d-33.8666324!4d151.2073321!16s%2Fg%2F11sgkbsm2_!19sChIJ50FHZs2vEmsRrzNw-VqPOHs?authuser=0&hl=en&rclk=1,-33.8666324,151.2073321
Ho Jiak Town Hall - Junda's Playground (Enter from York Street),4.7,"2,661",,Malaysian restaurant,"ÓÉą
125 York St, Sydney NSW 2000, Australia",ÓĘĶ | Open ¬∑ Closes 10‚ÄĮPM |  | See more hours |  | ÓĆē,"Óāį
+61 2 8065 6954",https://www.hojiak.com.au/townhall/,"¬∑
Óóä
Dine-in, ¬∑
Óóä
Takeout, ¬∑
Óóć
Delivery",,https://www.google.com/maps/place/Ho+Jiak+Town+Hall+-+Junda%27s+Playground+%28Enter+from+York+Street%29/data=!4m7!3m6!1s0x6b12afc0197576a3:0x6bcefbed35eb5900!8m2!3d-33.8717263!4d151.2063255!16s%2Fg%2F11fsz8sqsw!19sChIJo3Z1GcCvEmsRAFnrNe37zms?authuser=0&hl=en&rclk=1,-33.8717263,151.2063255
Palazzo Salato,4.7,"1,124",,Italian restaurant,"ÓÉą
201/203 Clarence St, Sydney NSW 2000, Australia",Hours,"Óāį
+61 2 9044 2556",http://palazzosalato.com/,"¬∑
Óóä
Dine-in, ¬∑
Óóć
Takeout, ¬∑
Óóć
Delivery",,https://www.google.com/maps/place/Palazzo+Salato/data=!4m7!3m6!1s0x6b12af8dc792a911:0x74f097d37376f1b7!8m2!3d-33.8697461!4d151.2051313!16s%2Fg%2F11kbz2dl9w!19sChIJEamSx42vEmsRt_F2c9OX8HQ?authuser=0&hl=en&rclk=1,-33.8697461,151.2051313
ESQ Bar + Dining,4.6,714,,Bar & grill,"ÓÉą
Shop 1- 4 Level 2/455 George St, Sydney NSW 2000, Australia",Hours,"Óāį
+61 2 8023 7609",http://www.esqatqvb.com.au/,"¬∑
Óóä
Dine-in, ¬∑
Óóć
Delivery",,https://www.google.com/maps/place/ESQ+Bar+%2B+Dining/data=!4m7!3m6!1s0x6b12af5a5c38bd6d:0xe8a767e9b3061499!8m2!3d-33.8709869!4d151.2065277!16s%2Fg%2F11fhvyv86x!19sChIJbb04XFqvEmsRmRQGs-lnp-g?authuser=0&hl=en&rclk=1,-33.8709869,151.2065277
O Bar and Dining,4.4,"5,267",,Modern Australian restaurant,"ÓÉą
Australia Square, level 47/264 George St, Sydney NSW 2000, Australia",Hours,"Óāį
+61 2 9247 9777",https://www.obardining.com.au/,"¬∑
Óóä
Dine-in, ¬∑
Óóć
Takeout, ¬∑
Óóć
Delivery",,https://www.google.com/maps/place/O+Bar+and+Dining/data=!4m7!3m6!1s0x6b12ae41a06d3b9f:0x6f1893431a2a118c!8m2!3d-33.8649023!4d151.207767!16s%2Fg%2F1tn05y_2!19sChIJnzttoEGuEmsRjBEqGkOTGG8?authuser=0&hl=en&rclk=1,-33.8649023,151.207767
Famous Chef,4.7,51,,Asian restaurant,"ÓÉą
259 George St, Sydney NSW 2000, Australia",Hours,,,"¬∑
Óóä
Dine-in, ¬∑
Óóä
Takeout",A$1‚Äď20 per person,https://www.google.com/maps/place/Famous+Chef/data=!4m7!3m6!1s0x6b12af0054678965:0xf9663f8cce4ee2c3!8m2!3d-33.8638959!4d151.206795!16s%2Fg%2F11vqnm5bn2!19sChIJZYlnVACvEmsRw-JOzow_Zvk?authuser=0&hl=en&rclk=1,-33.8638959,151.206795
Bar Totti's,4.1,"4,017",,Italian restaurant,"ÓÉą
330A/330B George St, Sydney NSW 2000, Australia",Hours,"Óāį
+61 2 9114 7379",https://merivale.com/venues/bar-tottis/?&utm_source=googlemybusiness_venue&utm_medium=organic&utm_campaign=googlemybusiness_venue_organic_bartottis&utm_content=website,"¬∑
Óóä
Dine-in, ¬∑
Óóä
Takeout, ¬∑
Óóć
Delivery",,https://www.google.com/maps/place/Bar+Totti%27s/data=!4m7!3m6!1s0x6b12af1cc59ef827:0x440d69d086e5cc0e!8m2!3d-33.866462!4d151.2073516!16s%2Fg%2F11h8ff09md!19sChIJJ_iexRyvEmsRDszlhtBpDUQ?authuser=0&hl=en&rclk=1,-33.866462,151.2073516
The Malaya,4.4,"1,954",,Southeast Asian restaurant,"ÓÉą
225 George St, Sydney NSW 2000, Australia",Hours,"Óāį
+61 2 9279 1170",http://www.themalaya.com.au/,"¬∑
Óóä
Dine-in, ¬∑
Óóä
Takeout, ¬∑
Óóć
Delivery",,https://www.google.com/maps/place/The+Malaya/data=!4m7!3m6!1s0x6b12ae3886074fe1:0x5a6c563c55c9ebc9!8m2!3d-33.8623282!4d151.2073123!16s%2Fg%2F1w97vjyd!19sChIJ4U8HhjiuEmsRyevJVTxWbFo?authuser=0&hl=en&rclk=1,-33.8623282,151.2073123
Bistro Nido,4.4,471,Moderately priced,Modern French restaurant,"ÓÉą
Shop 10.07/501 George St, Sydney NSW 2000, Australia",Hours,"Óāį
+61 2 9283 9762",http://www.bistronido.com.au/,"¬∑
Óóä
Dine-in",,https://www.google.com/maps/place/Bistro+Nido/data=!4m7!3m6!1s0x6b12afad8319f66b:0x5dc82c6953eac0a3!8m2!3d-33.8746681!4d151.2063283!16s%2Fg%2F11sswx4hzr!19sChIJa_YZg62vEmsRo8DqU2ksyF0?authuser=0&hl=en&rclk=1,-33.8746681,151.2063283
The Grounds of The City,4.2,"6,148",,Cafe,"ÓÉą
Shop RG 12/500 George St, Sydney NSW 2000, Australia",Hours,"Óāį
+61 2 9699 2225",https://thegrounds.com.au/dine-in/the-city,"¬∑
Óóä
Dine-in, ¬∑
Óóä
Takeout, ¬∑
Óóć
Delivery",A$20‚Äď40 per person,https://www.google.com/maps/place/The+Grounds+of+The+City/data=!4m7!3m6!1s0x6b12ae3e8b2605d9:0x3b93f1de7a26f341!8m2!3d-33.8721013!4d151.2073252!16s%2Fg%2F11g69__c65!19sChIJ2QUmiz6uEmsRQfMmet7xkzs?authuser=0&hl=en&rclk=1,-33.8721013,151.2073252
Dopa Donburi - Sydney Place,4.6,143,,Japanese restaurant,"ÓÉą
Shop CQT.11/180 George St, Sydney NSW 2000, Australia",Hours,"Óāį
+61 2 9251 0235",http://www.dopa.com.au/,"¬∑
Óóä
Dine-in, ¬∑
Óóä
Takeout, ¬∑
Óóä
No-contact delivery",A$20‚Äď40 per person,https://www.google.com/maps/place/Dopa+Donburi+-+Sydney+Place/data=!4m7!3m6!1s0x6b12afcc0cad69a3:0xef42c6bda3ae64b9!8m2!3d-33.8621449!4d151.2081694!16s%2Fg%2F11ss50qdpr!19sChIJo2mtDMyvEmsRuWSuo73GQu8?authuser=0&hl=en&rclk=1,-33.8621449,151.2081694
Dopa Donburi and Dessert - Regent Place,4.5,"1,223",,Japanese restaurant,"ÓÉą
Lot 50a - 51, Level 9, Regent Place, 501 George St, Sydney NSW 2000, Australia",Hours,"Óāį
+61 2 9267 5775",http://www.dopa.com.au/,"¬∑
Óóä
Dine-in, ¬∑
Óóä
Takeout, ¬∑
Óóä
Delivery",A$20‚Äď40 per person,https://www.google.com/maps/place/Dopa+Donburi+and+Dessert+-+Regent+Place/data=!4m7!3m6!1s0x6b12af7e61e187bf:0x9ecce47324397bf5!8m2!3d-33.8745852!4d151.2062902!16s%2Fg%2F11n0g7qwml!19sChIJv4fhYX6vEmsR9Xs5JHPkzJ4?authuser=0&hl=en&rclk=1,-33.8745852,151.2062902
Jacksons on George,3.9,416,Moderately priced,Pub,"ÓÉą
176 George St, Sydney NSW 2000, Australia",ÓĘĶ | Open ¬∑ Closes 2‚ÄĮAM |  | See more hours |  | ÓĆē,"Óāį
+61 2 8027 9997",https://jacksonsongeorge.com.au/,"¬∑
Óóä
Dine-in, ¬∑
Óóć
Takeout, ¬∑
Óóć
Delivery",,https://www.google.com/maps/place/Jacksons+on+George/data=!4m7!3m6!1s0x6b12ae4248a6f14f:0xe495cd4d7d8f35ca!8m2!3d-33.8618079!4d151.2081226!16s%2Fg%2F1td00mzs!19sChIJT_GmSEKuEmsRyjWPfU3NleQ?authuser=0&hl=en&rclk=1,-33.8618079,151.2081226
Glass Brasserie,4.4,"1,271",,Modern Australian restaurant,"ÓÉą
level 2/488 George St, Sydney NSW 2000, Australia",Hours,"Óāį
+61 2 9265 6068",https://www.glassbrasserie.com.au/,"¬∑
Óóä
Dine-in, ¬∑
Óóć
Takeout, ¬∑
Óóć
Delivery",,https://www.google.com/maps/place/Glass+Brasserie/data=!4m7!3m6!1s0x6b12ae3ef48720f1:0xdabe28091ce0caea!8m2!3d-33.8718497!4d151.2071917!16s%2Fg%2F1hc1vthl5!19sChIJ8SCH9D6uEmsR6srgHAkovto?authuser=0&hl=en&rclk=1,-33.8718497,151.2071917
Ragazzi,4.4,"2,134",Moderately priced,Italian restaurant,"ÓÉą
Shop 3/2-12 Angel Pl, Sydney NSW 2000, Australia",Hours,"Óāį
+61 2 8964 3062",http://www.ragazziwinepasta.com/,"¬∑
Óóä
Dine-in, ¬∑
Óóć
Delivery",,https://www.google.com/maps/place/Ragazzi/data=!4m7!3m6!1s0x6b12afcec5db194d:0xfb4a5844fda5439d!8m2!3d-33.8669714!4d151.2081271!16s%2Fg%2F11hdvvyybb!19sChIJTRnbxc6vEmsRnUOl_URYSvs?authuser=0&hl=en&rclk=1,-33.8669714,151.2081271
Mappen,4.4,"1,336",,Japanese restaurant,"ÓÉą
shop 11/537-551 George St, Sydney NSW 2000, Australia",Hours,"Óāį
+61 2 9283 5525",http://www.mappen.com.au/,"¬∑
Óóä
Dine-in, ¬∑
Óóä
Takeout, ¬∑
Óóć
Delivery",A$1‚Äď20 per person,https://www.google.com/maps/place/Mappen/data=!4m7!3m6!1s0x6b12ae3c8b4b1e87:0x6bfddc81ce2ef21c!8m2!3d-33.8759036!4d151.2058923!16s%2Fg%2F1vvr6cbm!19sChIJhx5LizyuEmsRHPIuzoHc_Ws?authuser=0&hl=en&rclk=1,-33.8759036,151.2058923
The Meat & Wine Co Sydney CBD Castlereagh St,4.6,830,,Steak house,"ÓÉą
219-223 Castlereagh St, Sydney NSW 2000, Australia",Hours,"Óāį
+61 2 9252 7888",https://themeatandwineco.com/sydney-restaurants/castlereagh-st/,"¬∑
Óóä
Dine-in, ¬∑
Óóä
Curbside pickup, ¬∑
Óóć
Delivery",,https://www.google.com/maps/place/The+Meat+%26+Wine+Co+Sydney+CBD+Castlereagh+St/data=!4m7!3m6!1s0x6b12af98614c8f87:0x3a9256b0782a4264!8m2!3d-33.875427!4d151.2088003!16s%2Fg%2F11v4myn3bg!19sChIJh49MYZivEmsRZEIqeLBWkjo?authuser=0&hl=en&rclk=1,-33.875427,151.2088003
Clam Bar,4.5,489,,Restaurant,"ÓÉą
44 Bridge St, Sydney NSW 2000, Australia",ÓĘĶ | Closed ¬∑ Opens 12‚ÄĮPM Mon |  | See more hours |  | ÓĆē,"Óāį
+61 2 9016 1590",http://www.clambarsydney.com/,"¬∑
Óóä
Dine-in, ¬∑
Óóć
Takeout, ¬∑
Óóć
Delivery",,https://www.google.com/maps/place/Clam+Bar/data=!4m7!3m6!1s0x6b12af19082d85f5:0x42c6b0c362caacbc!8m2!3d-33.8632044!4d151.2109731!16s%2Fg%2F11trk0yswl!19sChIJ9YUtCBmvEmsRvKzKYsOwxkI?authuser=0&hl=en&rclk=1,-33.8632044,151.2109731
Platform 818,4.5,217,,Restaurant,"ÓÉą
818-820 George St, Sydney NSW 2000, Australia",,"Óāį
+61 2 9217 6708",https://www.platform818.com.au/,"¬∑
Óóä
Dine-in, ¬∑
Óóć
Delivery",,https://www.google.com/maps/place/Platform+818/data=!4m7!3m6!1s0x6b12afecae0fa86f:0xefb182e8a93de52b!8m2!3d-33.8840417!4d151.202994!16s%2Fg%2F11h6272v45!19sChIJb6gPruyvEmsRK-U9qeiCse8?authuser=0&hl=en&rclk=1,-33.8840417,151.202994
Dopa Donburi - Galeries,4.6,169,,Japanese restaurant,"ÓÉą
The Galeries, Shop FC009/500 George St, Sydney NSW 2000, Australia",Hours,"Óāį
+61 405 651 602",http://www.dopa.com.au/,"¬∑
Óóä
Dine-in, ¬∑
Óóä
Takeout, ¬∑
Óóä
Delivery",A$20‚Äď40 per person,https://www.google.com/maps/place/Dopa+Donburi+-+Galeries/data=!4m7!3m6!1s0x6b12afefb3b91ced:0xe6c1bc3b33803fe9!8m2!3d-33.8724408!4d151.2071504!16s%2Fg%2F11stq44gp6!19sChIJ7Ry5s--vEmsR6T-AMzu8weY?authuser=0&hl=en&rclk=1,-33.8724408,151.2071504
Establishment Precinct,4.3,657,Moderately priced,Restaurant,"ÓÉą
252 George St, Sydney NSW 2000, Australia","happy hour, mentioned in 3 reviews","Óāį
+61 2 9240 3000",https://merivale.com/venues/establishment?&utm_source=googlemybusiness_venue&utm_medium=organic&utm_campaign=googlemybusiness_venue_organic_establishmentprecinct&utm_content=website,"¬∑
Óóä
Dine-in, ¬∑
Óóć
Takeout, ¬∑
Óóć
Delivery",,https://www.google.com/maps/place/Establishment+Precinct/data=!4m7!3m6!1s0x6b12af15a5b04997:0x13d362d9a36dabc7!8m2!3d-33.8640415!4d151.2076769!16s%2Fg%2F11gk8vgwny!19sChIJl0mwpRWvEmsRx6tto9li0xM?authuser=0&hl=en&rclk=1,-33.8640415,151.2076769
uccello,4.2,490,,Italian restaurant,"ÓÉą
4/320 George St, Sydney NSW 2000, Australia",Hours,"Óāį
+61 2 9114 7309",,"¬∑
Óóä
Dine-in, ¬∑
Óóć
Delivery",,https://www.google.com/maps/place/uccello/data=!4m7!3m6!1s0x6b12ae3f0f55c703:0x5bab28fb01bb06ed!8m2!3d-33.8662922!4d151.207502!16s%2Fg%2F1tdyfss5!19sChIJA8dVDz-uEmsR7Qa7Afsoq1s?authuser=0&hl=en&rclk=1,-33.8662922,151.207502
Manon Brasserie,3.9,"1,669",,Modern French restaurant,"ÓÉą
55/455 George St, Sydney NSW 2000, Australia",Hours,"Óāį
+61 2 9051 2008",https://www.manonbrasserie.com.au/?gclid=Cj0KCQjwqPGUBhDwARIsANNwjV7JFrjVKr54nEuP9x-3At_yqkYaW3c9fPcllCjlwVwZ-6JvQyx4tZQaAi4PEALw_wcB,"¬∑
Óóä
Dine-in, ¬∑
Óóä
Takeout, ¬∑
Óóć
Delivery",A$20‚Äď40 per person,https://www.google.com/maps/place/Manon+Brasserie/data=!4m7!3m6!1s0x6b12af231ec4e083:0x22fa7e76c3c6036d!8m2!3d-33.8725156!4d151.2066402!16s%2Fg%2F11t0t4q7tc!19sChIJg-DEHiOvEmsRbQPGw3Z--iI?authuser=0&hl=en&rclk=1,-33.8725156,151.2066402
Roast Republic,4.7,"1,616",Moderately priced,Steak house,"ÓÉą
174 Clarence St, Sydney NSW 2000, Australia",ÓĘĶ | Open ¬∑ Closes 9‚ÄĮPM |  | See more hours |  | ÓĆē,"Óāį
+61 2 8038 1640",http://www.roastrepublic.com.au/,"¬∑
Óóä
Dine-in, ¬∑
Óóä
Takeout, ¬∑
Óóä
No-contact delivery",,https://www.google.com/maps/place/Roast+Republic/data=!4m7!3m6!1s0x6b12afeedb518daf:0xaef52146819dc019!8m2!3d-33.8704062!4d151.2056055!16s%2Fg%2F11rkgpzhf6!19sChIJr41R2-6vEmsRGcCdgUYh9a4?authuser=0&hl=en&rclk=1,-33.8704062,151.2056055
Morrison‚Äôs Oyster Bar & Grill,4.1,"2,615",Moderately priced,Oyster bar restaurant,"ÓÉą
225 George Street Corner of, Grosvenor St, Sydney NSW 2000, Australia",ÓĘĶ | Open ¬∑ Closes 12‚ÄĮAM |  | See more hours |  | ÓĆē,"Óāį
+61 2 9247 6744",https://morrisons.sydney/,"¬∑
Óóä
Dine-in, ¬∑
Óóć
Delivery",,https://www.google.com/maps/place/Morrison%E2%80%99s+Oyster+Bar+%26+Grill/data=!4m7!3m6!1s0x6b12ae422b50e699:0x43c08a1c43811400!8m2!3d-33.8632267!4d151.2073073!16s%2Fg%2F11cfgn_rl!19sChIJmeZQK0KuEmsRABSBQxyKwEM?authuser=0&hl=en&rclk=1,-33.8632267,151.2073073
The Grand Palace - Indian Restaurant in Sydney,4.4,"1,663",,Indian restaurant,"ÓÉą
Basement/261 George St, Sydney NSW 2000, Australia",ÓĘĶ | Closed ¬∑ Opens 5‚ÄĮPM |  | See more hours |  | ÓĆē,"Óāį
+61 2 8021 7696",https://thegrandpalace.com.au/,"¬∑
Óóä
Dine-in, ¬∑
Óóä
Takeout, ¬∑
Óóä
No-contact delivery",A$40‚Äď60 per person,https://www.google.com/maps/place/The+Grand+Palace+-+Indian+Restaurant+in+Sydney/data=!4m7!3m6!1s0x6b12afac09f525ab:0xc5ade05750b0f485!8m2!3d-33.8644685!4d151.2071626!16s%2Fg%2F11mhvqh479!19sChIJqyX1CayvEmsRhfSwUFfgrcU?authuser=0&hl=en&rclk=1,-33.8644685,151.2071626
Uptown Korea CBD,4.8,"1,566",,Korean grocery store,"ÓÉą
Shop 1/614 George St, Sydney NSW 2000, Australia",Hours,"Óāį
+61 2 7245 2991",https://uptownkorea.com.au/?utm_source=gmb&utm_medium=organic,"¬∑
Óóä
Dine-in, ¬∑
Óóä
No-contact delivery",,https://www.google.com/maps/place/Uptown+Korea+CBD/data=!4m7!3m6!1s0x6b12afb5fd165323:0x4809b82da2f01e0b!8m2!3d-33.8755601!4d151.2069091!16s%2Fg%2F11txtly3p8!19sChIJI1MW_bWvEmsRCx7woi24CUg?authuser=0&hl=en&rclk=1,-33.8755601,151.2069091
Santa Catarina: Oaxacan Restaurant & Mezcal Bar Sydney,4.6,816,,Restaurant,"ÓÉą
Shop 1/152-156 Clarence St, Sydney NSW 2000, Australia",Hours,"Óāį
+61 2 8319 3042",https://santacatarina.com.au/,"¬∑
Óóä
Dine-in, ¬∑
Óóć
Delivery",,https://www.google.com/maps/place/Santa+Catarina:+Oaxacan+Restaurant+%26+Mezcal+Bar+Sydney/data=!4m7!3m6!1s0x6b12afd355cfb3e3:0xab76a235ffba54ab!8m2!3d-33.8696973!4d151.2054998!16s%2Fg%2F11rrr9m04h!19sChIJ47PPVdOvEmsRq1S6_zWidqs?authuser=0&hl=en&rclk=1,-33.8696973,151.2054998
The Momos Hub Townhall,4.4,"3,553",,Nepalese restaurant,"ÓÉą
Basement/636 George St, Sydney NSW 2000, Australia",Hours,"Óāį
+61 2 9261 0642",http://themomoshub.com.au/,"¬∑
Óóä
Dine-in, ¬∑
Óóä
Takeout, ¬∑
Óóä
No-contact delivery",A$20‚Äď40 per person,https://www.google.com/maps/place/The+Momos+Hub+Townhall/data=!4m7!3m6!1s0x6b12ae2711af5f13:0x44b1d4fdf1f8ef7f!8m2!3d-33.8762043!4d151.2065103!16s%2Fg%2F11f4lctgmn!19sChIJE1-vESeuEmsRf-_48f3UsUQ?authuser=0&hl=en&rclk=1,-33.8762043,151.2065103
Gowings,4.3,"1,163",,Steak house,"ÓÉą
Suite 1/49 Market St, Sydney NSW 2000, Australia",ÓĘĶ | Closed ¬∑ Opens 5:30‚ÄĮPM Mon |  | Updated by this business 6 weeks ago |  | See more hours |  | ÓĆē,"Óāį
+61 2 8262 0000",https://www.gowingsbarandgrill.com.au/,"¬∑
Óóä
Dine-in, ¬∑
Óóä
Takeout, ¬∑
Óóć
Delivery",,https://www.google.com/maps/place/Gowings/data=!4m7!3m6!1s0x6b12ae3e5570ba95:0x8dd94962818c7616!8m2!3d-33.8708632!4d151.207426!16s%2Fg%2F1pzrv1sdd!19sChIJlbpwVT6uEmsRFnaMgWJJ2Y0?authuser=0&hl=en&rclk=1,-33.8708632,151.207426
Lotus The Galeries,4.3,719,,Chinese restaurant,"ÓÉą
Opposite the QVB inside The Galeries and one floor up, The Galeries, Level 1/500 George St, Sydney NSW 2000, Australia",Hours,"Óāį
+61 2 9247 6868",https://lotusdininggroup.com/the-galeries/?utm_content=Lotus+The+Galeries+-+Sydney&utm_campaign=Google+My+Business&utm_medium=organic&utm_source=google&utm_term=plcid_16617120324212740493,"¬∑
Óóä
Dine-in, ¬∑
Óóä
Takeout, ¬∑
Óóä
Delivery",,https://www.google.com/maps/place/Lotus+The+Galeries/data=!4m7!3m6!1s0x6b12ae3e891251c5:0xaf0ed996fcae89fb!8m2!3d-33.8724408!4d151.2071504!16s%2Fg%2F11b8t80npz!19sChIJxVESiT6uEmsR-4mu_JbZDq8?authuser=0&hl=en&rclk=1,-33.8724408,151.2071504
The Momos Hub Townhall,4.4,"3,553",,Nepalese restaurant,"ÓÉą
Basement/636 George St, Sydney NSW 2000, Australia",Hours,"Óāį
+61 2 9261 0642",http://themomoshub.com.au/,"¬∑
Óóä
Dine-in, ¬∑
Óóä
Takeout, ¬∑
Óóä
No-contact delivery",A$20‚Äď40 per person,https://www.google.com/maps/place/The+Momos+Hub+Townhall/data=!4m7!3m6!1s0x6b12ae2711af5f13:0x44b1d4fdf1f8ef7f!8m2!3d-33.8762043!4d151.2065103!16s%2Fg%2F11f4lctgmn!19sChIJE1-vESeuEmsRf-_48f3UsUQ?authuser=0&hl=en&rclk=1,-33.8762043,151.2065103
Uptown Korea CBD,4.8,"1,566",,Korean grocery store,"ÓÉą
Shop 1/614 George St, Sydney NSW 2000, Australia",Hours,"Óāį
+61 2 7245 2991",https://uptownkorea.com.au/?utm_source=gmb&utm_medium=organic,"¬∑
Óóä
Dine-in, ¬∑
Óóä
No-contact delivery",,https://www.google.com/maps/place/Uptown+Korea+CBD/data=!4m7!3m6!1s0x6b12afb5fd165323:0x4809b82da2f01e0b!8m2!3d-33.8755601!4d151.2069091!16s%2Fg%2F11txtly3p8!19sChIJI1MW_bWvEmsRCx7woi24CUg?authuser=0&hl=en&rclk=1,-33.8755601,151.2069091
Gowings,4.3,"1,163",,Steak house,"ÓÉą
Suite 1/49 Market St, Sydney NSW 2000, Australia",ÓĘĶ | Closed ¬∑ Opens 5:30‚ÄĮPM Mon |  | Updated by this business 6 weeks ago |  | See more hours |  | ÓĆē,"Óāį
+61 2 8262 0000",https://www.gowingsbarandgrill.com.au/,"¬∑
Óóä
Dine-in, ¬∑
Óóä
Takeout, ¬∑
Óóć
Delivery",,https://www.google.com/maps/place/Gowings/data=!4m7!3m6!1s0x6b12ae3e5570ba95:0x8dd94962818c7616!8m2!3d-33.8708632!4d151.207426!16s%2Fg%2F1pzrv1sdd!19sChIJlbpwVT6uEmsRFnaMgWJJ2Y0?authuser=0&hl=en&rclk=1,-33.8708632,151.207426
Bennelong,4.5,"2,127",,Australian restaurant,"ÓÉą
Sydney Opera House, Bennelong Point, Sydney NSW 2000, Australia",Hours,"Óāį
+61 2 9240 8000",http://www.bennelong.com.au/,"¬∑
Óóä
Dine-in, ¬∑
Óóć
Takeout, ¬∑
Óóć
Delivery",,https://www.google.com/maps/place/Bennelong/data=!4m7!3m6!1s0x6b12ae66608dc941:0x1c5249021cf980f3!8m2!3d-33.8574468!4d151.2147431!16s%2Fg%2F1hhjks153!19sChIJQcmNYGauEmsR84D5HAJJUhw?authuser=0&hl=en&rclk=1,-33.8574468,151.2147431
Lotus The Galeries,4.3,719,,Chinese restaurant,"ÓÉą
Opposite the QVB inside The Galeries and one floor up, The Galeries, Level 1/500 George St, Sydney NSW 2000, Australia",Hours,"Óāį
+61 2 9247 6868",https://lotusdininggroup.com/the-galeries/?utm_content=Lotus+The+Galeries+-+Sydney&utm_campaign=Google+My+Business&utm_medium=organic&utm_source=google&utm_term=plcid_16617120324212740493,"¬∑
Óóä
Dine-in, ¬∑
Óóä
Takeout, ¬∑
Óóä
Delivery",,https://www.google.com/maps/place/Lotus+The+Galeries/data=!4m7!3m6!1s0x6b12ae3e891251c5:0xaf0ed996fcae89fb!8m2!3d-33.8724408!4d151.2071504!16s%2Fg%2F11b8t80npz!19sChIJxVESiT6uEmsR-4mu_JbZDq8?authuser=0&hl=en&rclk=1,-33.8724408,151.2071504
Sushi Hotaru Charcoal Bar,4.5,487,,Japanese restaurant,"ÓÉą
LG2/455 George St, Sydney NSW 2000, Australia",Hours,"Óāį
+61 2 8288 9093",https://sushihotaru.com.au/,"¬∑
Óóä
Dine-in, ¬∑
Óóä
Takeout, ¬∑
Óóć
Delivery",A$20‚Äď40 per person,https://www.google.com/maps/place/Sushi+Hotaru+Charcoal+Bar/data=!4m7!3m6!1s0x6b12afadfcb41ad1:0x6bb4116ec8ffbd92!8m2!3d-33.8709598!4d151.206656!16s%2Fg%2F11l27wp_9_!19sChIJ0Rq0_K2vEmsRkr3_yG4RtGs?authuser=0&hl=en&rclk=1,-33.8709598,151.206656
Next Door CBD Restaurant & Bar,4.5,505,,Italian restaurant,"ÓÉą
60-62 Clarence St, Sydney NSW 2000, Australia",Hours,"Óāį
+61 400 707 067",http://www.nextdoorcbd.com.au/,"¬∑
Óóä
Dine-in, ¬∑
Óóä
Takeout, ¬∑
Óóä
Delivery",A$20‚Äď40 per person,https://www.google.com/maps/place/Next+Door+CBD+Restaurant+%26+Bar/data=!4m7!3m6!1s0x6b12ae40b8ea434d:0x68605f0dcd83ecba!8m2!3d-33.8663957!4d151.2052111!16s%2Fg%2F11c45nhcq5!19sChIJTUPquECuEmsRuuyDzQ1fYGg?authuser=0&hl=en&rclk=1,-33.8663957,151.2052111
Hustle on George,4.7,146,,Cafe,"ÓÉą
Ground Floor/403 George St, Sydney NSW 2000, Australia",Hours,"Óāį
+61 406 565 972",https://www.hustleongeorge.com.au/,"¬∑
Óóä
Dine-in, ¬∑
Óóä
Curbside pickup",A$1‚Äď20 per person,https://www.google.com/maps/place/Hustle+on+George/data=!4m7!3m6!1s0x6b12afa540fcc473:0x7bc01e34f94d8ce4!8m2!3d-33.8701068!4d151.2066959!16s%2Fg%2F11qn0qzy1x!19sChIJc8T8QKWvEmsR5IxN-TQewHs?authuser=0&hl=en&rclk=1,-33.8701068,151.2066959
Jacksons on George,3.9,416,Moderately priced,Pub,"ÓÉą
176 George St, Sydney NSW 2000, Australia",ÓĘĶ | Open ¬∑ Closes 2‚ÄĮAM |  | See more hours |  | ÓĆē,"Óāį
+61 2 8027 9997",https://jacksonsongeorge.com.au/,"¬∑
Óóä
Dine-in, ¬∑
Óóć
Takeout, ¬∑
Óóć
Delivery",,https://www.google.com/maps/place/Jacksons+on+George/data=!4m7!3m6!1s0x6b12ae4248a6f14f:0xe495cd4d7d8f35ca!8m2!3d-33.8618079!4d151.2081226!16s%2Fg%2F1td00mzs!19sChIJT_GmSEKuEmsRyjWPfU3NleQ?authuser=0&hl=en&rclk=1,-33.8618079,151.2081226
The Royal George,4.1,"1,259",,Pub,"ÓÉą
320 George St, Sydney NSW 2000, Australia",Hours,"Óāį
+61 2 9114 7308",https://merivale.com/venues/theroyalgeorge?&utm_source=googlemybusiness_venue&utm_medium=organic&utm_campaign=googlemybusiness_venue_organic_theroyalgeorge&utm_content=website,"¬∑
Óóä
Dine-in, ¬∑
Óóć
Delivery",A$20‚Äď40 per person,https://www.google.com/maps/place/The+Royal+George/data=!4m7!3m6!1s0x6b12ae40f80fc79d:0x37a307b5955f6b0f!8m2!3d-33.8661952!4d151.2073811!16s%2Fg%2F1vgw8sd2!19sChIJnccP-ECuEmsRD2tflbUHozc?authuser=0&hl=en&rclk=1,-33.8661952,151.2073811
Great Southern Bar,4.4,764,,Bar,"ÓÉą
717 George St, Haymarket NSW 2000, Australia",Hours,"Óāį
+61 2 9211 1337",http://www.greatsouthernbar.com.au/,"¬∑
Óóä
Dine-in, ¬∑
Óóä
Takeout, ¬∑
Óóć
Delivery",A$20‚Äď40 per person,https://www.google.com/maps/place/Great+Southern+Bar/data=!4m7!3m6!1s0x6b12ae2387d2ce8d:0xe16c1da357491c71!8m2!3d-33.8809271!4d151.2045715!16s%2Fg%2F11c61j8b7m!19sChIJjc7ShyOuEmsRcRxJV6MdbOE?authuser=0&hl=en&rclk=1,-33.8809271,151.2045715
Oiden Bowl Bar,4.4,"1,133",,Japanese restaurant,"ÓÉą
12/537-551 George St, Sydney NSW 2000, Australia",ÓĘĶ | Open ¬∑ Closes 9‚ÄĮPM |  | See more hours |  | ÓĆē,"Óāį
+61 2 9267 1368",http://www.oiden.com.au/,"¬∑
Óóä
Dine-in, ¬∑
Óóä
Takeout, ¬∑
Óóä
No-contact delivery",A$1‚Äď20 per person,https://www.google.com/maps/place/Oiden+Bowl+Bar/data=!4m7!3m6!1s0x6b12ae3c8b4b1e87:0xe0e085c399c5d9ec!8m2!3d-33.8757302!4d151.2059357!16s%2Fg%2F1vwlp8ps!19sChIJhx5LizyuEmsR7NnFmcOF4OA?authuser=0&hl=en&rclk=1,-33.8757302,151.2059357
Lucky Boy The Galeries,4.2,146,,Asian restaurant,"ÓÉą
500 George St, Sydney NSW 2000, Australia",Hours,"Óāį
+61 416 160 866",http://luckyboys.com.au/,"¬∑
Óóä
Dine-in, ¬∑
Óóä
Takeout",A$1‚Äď20 per person,https://www.google.com/maps/place/Lucky+Boy+The+Galeries/data=!4m7!3m6!1s0x6b12afe4c862774b:0x1a85332a491faec0!8m2!3d-33.8725128!4d151.2074614!16s%2Fg%2F11jz6c3zwh!19sChIJS3diyOSvEmsRwK4fSSozhRo?authuser=0&hl=en&rclk=1,-33.8725128,151.2074614
Izakaya Yebisu,4.1,506,,Japanese restaurant,"ÓÉą
501 George St, Sydney NSW 2000, Australia",Hours,"Óāį
+61 2 9261 1552",http://www.izakayayebisu.com.au/,"¬∑
Óóä
Dine-in, ¬∑
Óóä
Takeout, ¬∑
Óóä
Delivery",,https://www.google.com/maps/place/Izakaya+Yebisu/data=!4m7!3m6!1s0x6b12afec5efc7905:0x2f8fc64519e3971!8m2!3d-33.8746213!4d151.2061441!16s%2Fg%2F11rhy0fg5y!19sChIJBXn8XuyvEmsRcTmeUWT8-AI?authuser=0&hl=en&rclk=1,-33.8746213,151.2061441
Kuro Bar & Dining,4.6,917,,Japanese restaurant,"ÓÉą
368 Kent St, Sydney NSW 2000, Australia",ÓĘĶ | Closed ¬∑ Opens 12‚ÄĮPM Tue |  | Updated by this business 8 weeks ago |  | See more hours |  | ÓĆē,"Óāį
+61 2 9262 1580",https://www.kurosydney.com/,"¬∑
Óóä
Dine-in, ¬∑
Óóć
Takeout, ¬∑
Óóć
Delivery",,https://www.google.com/maps/place/Kuro+Bar+%26+Dining/data=!4m7!3m6!1s0x6b12af2db251df7b:0x345977704d9a446!8m2!3d-33.870377!4d151.2049956!16s%2Fg%2F11fm6g2t0v!19sChIJe99Rsi2vEmsRRqTZBHeXRQM?authuser=0&hl=en&rclk=1,-33.870377,151.2049956
Albion Place Hotel,4.0,"1,096",,Pub,"ÓÉą
531 George St, Sydney NSW 2000, Australia",ÓĘĶ | Open ¬∑ Closes 4‚ÄĮAM |  | See more hours |  | ÓĆē,"Óāį
+61 2 9993 0760",https://albionplacehotel.com.au/,"¬∑
Óóä
Dine-in, ¬∑
Óóć
Takeout, ¬∑
Óóć
Delivery",A$20‚Äď40 per person,https://www.google.com/maps/place/Albion+Place+Hotel/data=!4m7!3m6!1s0x6b12ae3cf620d05f:0xd5b6c13ddfcac95d!8m2!3d-33.8756466!4d151.2061689!16zL20vMGc5Ymw1!19sChIJX9Ag9jyuEmsRXcnK3z3BttU?authuser=0&hl=en&rclk=1,-33.8756466,151.2061689
The Rook,4.4,"1,876",Moderately priced,Restaurant,"ÓÉą
level 7/56-58 York St, Sydney NSW 2000, Australia",Hours,"Óāį
+61 2 8322 2008",https://www.therook.com.au/?utm_source=google&utm_medium=organic&utm_campaign=gmb&utm_term=plcid_657992725252153445,"¬∑
Óóä
Dine-in, ¬∑
Óóä
Delivery",,https://www.google.com/maps/place/The+Rook/data=!4m7!3m6!1s0x6b12ae3f10c8ecb3:0x444d159518f674b0!8m2!3d-33.86973!4d151.2063502!16s%2Fg%2F1232msqy1!19sChIJs-zIED-uEmsRsHT2GJUVTUQ?authuser=0&hl=en&rclk=1,-33.86973,151.2063502
Mode Kitchen & Bar,4.4,423,Moderately priced,Restaurant,"ÓÉą
Ground Floor, 199 George St, The Rocks NSW 2000, Australia",Hours,"Óāį
+61 2 9250 3160",https://modekitchenandbar.com.au/?utm_source=google&utm_medium=organicsearch&utm_campaign=tor-syd-fab-mid-seo-na&utm_content=na-na&utm_term=na,"¬∑
Óóä
Dine-in, ¬∑
Óóć
Takeout, ¬∑
Óóć
Delivery",,https://www.google.com/maps/place/Mode+Kitchen+%26+Bar/data=!4m7!3m6!1s0x6b12ae424bfa6a2f:0x756299f5b13439c7!8m2!3d-33.8615018!4d151.2077!16s%2Fg%2F11g8v1kbly!19sChIJL2r6S0KuEmsRxzk0sfWZYnU?authuser=0&hl=en&rclk=1,-33.8615018,151.2077
Menya City Japanese Noodle Bar,4.4,"1,248",,Japanese restaurant,"ÓÉą
2/1 Market St, Sydney NSW 2000, Australia",Hours,"Óāį
+61 2 9267 4649",http://menya.com.au/,"¬∑
Óóä
Dine-in, ¬∑
Óóä
Takeout, ¬∑
Óóä
Delivery",A$20‚Äď40 per person,https://www.google.com/maps/place/Menya+City+Japanese+Noodle+Bar/data=!4m7!3m6!1s0x6b12ae3ecc16cd7b:0x354eb1b6c7a12d51!8m2!3d-33.8710146!4d151.2046355!16s%2Fg%2F1hc4q13d3!19sChIJe80WzD6uEmsRUS2hx7axTjU?authuser=0&hl=en&rclk=1,-33.8710146,151.2046355
Lantern Restaurant By Wagaya,4.1,"1,031",Moderately priced,Authentic Japanese restaurant,"ÓÉą
Level 2/591 George St, Sydney NSW 2000, Australia",Hours,"Óāį
+61 483 141 151",http://www.lantern-wagaya.com/,"¬∑
Óóä
Dine-in",,https://www.google.com/maps/place/Lantern+Restaurant+By+Wagaya/data=!4m7!3m6!1s0x6b12ae3cbafed063:0xeb41069ceeec133d!8m2!3d-33.8772177!4d151.2054274!16s%2Fg%2F113j2w70h!19sChIJY9D-ujyuEmsRPRPs7pwGQes?authuser=0&hl=en&rclk=1,-33.8772177,151.2054274
TAO Chinese Restaurant Sydney CBD,4.2,590,,Chinese restaurant,"ÓÉą
176 Clarence St, Sydney NSW 2000, Australia",Hours,"Óāį
+61 402 518 698",https://www.taogroup.com.au/en/tao,"¬∑
Óóä
Dine-in, ¬∑
Óóä
Curbside pickup, ¬∑
Óóä
Delivery",A$40‚Äď60 per person,https://www.google.com/maps/place/TAO+Chinese+Restaurant+Sydney+CBD/data=!4m7!3m6!1s0x6b12afe8c10da275:0x69cbcc79a7ced52c!8m2!3d-33.8703142!4d151.2055947!16s%2Fg%2F11lt14rthc!19sChIJdaINweivEmsRLNXOp3nMy2k?authuser=0&hl=en&rclk=1,-33.8703142,151.2055947
De Vine Food & Wine,4.5,813,,Restaurant,"ÓÉą
32 Market St, Sydney NSW 2000, Australia",Hours,"Óāį
+61 2 9262 6906",http://www.devinefoodandwine.com.au/,"¬∑
Óóä
Dine-in, ¬∑
Óóä
Curbside pickup, ¬∑
Óóć
Delivery",,https://www.google.com/maps/place/De+Vine+Food+%26+Wine/data=!4m7!3m6!1s0x6b12ae3edbb29ed7:0x7bcd432a3e717202!8m2!3d-33.870778!4d151.2053429!16s%2Fg%2F1tfpvdwh!19sChIJ156y2z6uEmsRAnJxPipDzXs?authuser=0&hl=en&rclk=1,-33.870778,151.2053429
Yebisu Yakitori,3.7,720,,Izakaya restaurant,"ÓÉą
7-10/501 George St, Sydney NSW 2000, Australia",Hours,,http://yakitoriyebisu.com.au/,"¬∑
Óóä
Dine-in, ¬∑
Óóä
Takeout",A$40‚Äď60 per person,https://www.google.com/maps/place/Yebisu+Yakitori/data=!4m7!3m6!1s0x6b12ae3c4630a863:0x1d2f34039f60e957!8m2!3d-33.874697!4d151.206198!16s%2Fg%2F12hnbx73y!19sChIJY6gwRjyuEmsRV-lgnwM0Lx0?authuser=0&hl=en&rclk=1,-33.874697,151.206198
KFC George Street Sydney,3.5,"3,874",,Fried chicken takeaway,"ÓÉą
485 George Street Cnr, Bathurst St, Sydney NSW 2000, Australia",ÓĘĶ | Open ¬∑ Closes 2‚ÄĮAM |  | Updated by this business 8 weeks ago |  | See more hours |  | ÓĆē,"Óāį
+61 2 7904 8009",https://www.kfc.com.au/restaurants/kfc-george-street-sydney/2000?utm_source=google&utm_medium=organic&utm_campaign=GMB&utm_content=61K1301,"¬∑
Óóä
Dine-in, ¬∑
Óóä
Takeout, ¬∑
Óóä
Delivery",A$1‚Äď20 per person,https://www.google.com/maps/place/KFC+George+Street+Sydney/data=!4m7!3m6!1s0x6b12ae3c36f8f875:0x453726e84cee7fff!8m2!3d-33.8745397!4d151.2065255!16s%2Fg%2F1tgcy6dv!19sChIJdfj4NjyuEmsR_3_uTOgmN0U?authuser=0&hl=en&rclk=1,-33.8745397,151.2065255
Morena,4.5,495,,Restaurant,"ÓÉą
Sydney GPO, 1 Martin Pl, Sydney NSW 2000, Australia",ÓĘĶ | Closed ¬∑ Opens 7‚ÄĮAM Mon |  | See more hours |  | ÓĆē,"Óāį
+61 2 6305 6820",https://www.morenarestaurant.com.au/,"¬∑
Óóä
Dine-in, ¬∑
Óóć
Delivery",,https://www.google.com/maps/place/Morena/data=!4m7!3m6!1s0x6b12af3ef8bd00e9:0x3860522ae18b6476!8m2!3d-33.8675318!4d151.2073445!16s%2Fg%2F11ldhs2q0c!19sChIJ6QC9-D6vEmsRdmSL4SpSYDg?authuser=0&hl=en&rclk=1,-33.8675318,151.2073445
Jimmy‚Äôs Falafel,3.8,"3,117",,Middle Eastern restaurant,"ÓÉą
330D George St, Sydney NSW 2000, Australia",Hours,"Óāį
+61 2 9114 7381",https://merivale.com/venues/jimmys-falafel/?&utm_source=googlemybusiness_venue&utm_medium=organic&utm_campaign=googlemybusiness_venue_organic_jimmysfalafel&utm_content=website,"¬∑
Óóä
Dine-in, ¬∑
Óóä
Takeout, ¬∑
Óóć
Delivery",A$20‚Äď40 per person,https://www.google.com/maps/place/Jimmy%E2%80%99s+Falafel/data=!4m7!3m6!1s0x6b12afcfae96724d:0x6a6da349194e1760!8m2!3d-33.8667064!4d151.2073224!16s%2Fg%2F11j0ygncqh!19sChIJTXKWrs-vEmsRYBdOGUmjbWo?authuser=0&hl=en&rclk=1,-33.8667064,151.2073224
Bomonti Cafe & Restaurant,4.5,515,,Cafe,"ÓÉą
44 Market St, Sydney NSW 2000, Australia",Hours,"Óāį
+61 419 832 949",https://social.quandoo.com/en/groups/bomonti-cafe-restaurant,"¬∑
Óóä
Dine-in, ¬∑
Óóä
Takeout, ¬∑
Óóä
Delivery",A$20‚Äď40 per person,https://www.google.com/maps/place/Bomonti+Cafe+%26+Restaurant/data=!4m7!3m6!1s0x6b12afb91d8ad629:0xb5e5b453ff6adc49!8m2!3d-33.870387!4d151.2060067!16s%2Fg%2F11h_8k6x4v!19sChIJKdaKHbmvEmsRSdxq_1O05bU?authuser=0&hl=en&rclk=1,-33.870387,151.2060067
Solander Dining and Bar,4.3,204,,Restaurant,"ÓÉą
65 Sussex St, Sydney NSW 2000, Australia",ÓĘĶ | Closed ¬∑ Opens 6:30‚ÄĮAM Mon |  | See more hours |  | ÓĆē,"Óāį
+61 2 8297 6500",https://www.solanderdiningandbar.com.au/,"¬∑
Óóä
Dine-in, ¬∑
Óóć
Takeout, ¬∑
Óóć
Delivery",A$40‚Äď60 per person,https://www.google.com/maps/place/Solander+Dining+and+Bar/data=!4m7!3m6!1s0x6b12ae475eb5a311:0xc2f0975882d22753!8m2!3d-33.8675663!4d151.2033549!16s%2Fg%2F11f3mbgz5s!19sChIJEaO1XkeuEmsRUyfSgliX8MI?authuser=0&hl=en&rclk=1,-33.8675663,151.2033549
Samosorn Thai Sydney,4.4,207,,Asian restaurant,"ÓÉą
Central Plaza Food Court 5050 Pitt St, Myer, 436 George St, Sydney NSW 2000, Australia",Hours,"Óāį
+61 2 9145 6961",https://www.instagram.com/samosornthai_sydney/,"¬∑
Óóä
Dine-in, ¬∑
Óóä
Takeout, ¬∑
Óóä
Delivery",A$20‚Äď40 per person,https://www.google.com/maps/place/Samosorn+Thai+Sydney/data=!4m7!3m6!1s0x6b12afa007a1fda9:0x1b3bddd064a59f9!8m2!3d-33.870449!4d151.2080006!16s%2Fg%2F11khgdcygq!19sChIJqf2hB6CvEmsR-VlKBt29swE?authuser=0&hl=en&rclk=1,-33.870449,151.2080006
Square Restaurant,,,,Restaurant,"ÓÉą
770 George St, Sydney NSW 2000, Australia",,"Óāį
+44 7570 422428",,"¬∑
Óóä
Dine-in, ¬∑
Óóä
Takeout",,https://www.google.com/maps/place/Square+Restaurant/data=!4m7!3m6!1s0x6b12afd41cc952f7:0xa3f6be5767afa484!8m2!3d-33.8807042!4d151.2052405!16s%2Fg%2F11t7tqb7r8!19sChIJ91LJHNSvEmsRhKSvZ1e-9qM?authuser=0&hl=en&rclk=1,-33.8807042,151.2052405
Social Butterfly Tea & Dessert,4.8,366,,Cafe,"ÓÉą
Level 1/387 George St, Sydney NSW 2000, Australia",Hours,"Óāį
+61 492 969 719",http://www.socialbutterflytea.com/,"¬∑
Óóä
Dine-in, ¬∑
Óóä
Takeout, ¬∑
Óóä
No-contact delivery",A$1‚Äď20 per person,https://www.google.com/maps/place/Social+Butterfly+Tea+%26+Dessert/data=!4m7!3m6!1s0x6b12afc4e86d2239:0xd9cafd3979558bf8!8m2!3d-33.8695419!4d151.2066907!16s%2Fg%2F11yqb4vj1n!19sChIJOSJt6MSvEmsR-ItVeTn9ytk?authuser=0&hl=en&rclk=1,-33.8695419,151.2066907
Binge Kitchen - Cafe in Sydney,4.4,254,,Restaurant,"ÓÉą
4/31 Market St, Sydney NSW 2000, Australia",Hours,"Óāį
+61 2 9283 2423",https://bingekitchen.com.au/,"¬∑
Óóä
Dine-in, ¬∑
Óóä
Curbside pickup, ¬∑
Óóä
No-contact delivery",A$1‚Äď20 per person,https://www.google.com/maps/place/Binge+Kitchen+-+Cafe+in+Sydney/data=!4m7!3m6!1s0x6b12afed985dab35:0xc7b6cbce013b78d8!8m2!3d-33.8711841!4d151.2061132!16s%2Fg%2F11rn84frqp!19sChIJNatdmO2vEmsR2Hg7Ac7Ltsc?authuser=0&hl=en&rclk=1,-33.8711841,151.2061132
Parlour,4.2,615,Moderately priced,French restaurant,"ÓÉą
49 Market St, Sydney NSW 2000, Australia",ÓĘĶ | Open ¬∑ Closes 9‚ÄĮPM |  | See more hours |  | ÓĆē,"Óāį
+61 2 8262 0000",https://www.qthotels.com/sydney-cbd/eat-drink/parlour,"¬∑
Óóä
Dine-in, ¬∑
Óóä
Takeout, ¬∑
Óóć
Delivery",,https://www.google.com/maps/place/Parlour/data=!4m7!3m6!1s0x6b12ae3e557a6ec9:0xd5d6f17ecccfb353!8m2!3d-33.8708352!4d151.2074396!16s%2Fg%2F12qg3ck9w!19sChIJyW56VT6uEmsRU7PPzH7x1tU?authuser=0&hl=en&rclk=1,-33.8708352,151.2074396
The Walrus Sydney CBD,4.4,"1,013",,Cafe,"ÓÉą
Shop 1/276 Pitt St, Sydney NSW 2000, Australia",Hours,"Óāį
+61 2 9267 7664",,"¬∑
Óóä
Dine-in, ¬∑
Óóä
Takeout, ¬∑
Óóć
Delivery",A$20‚Äď40 per person,https://www.google.com/maps/place/The+Walrus+Sydney+CBD/data=!4m7!3m6!1s0x6b12ae3ddbec6c49:0x334eaef0e4da7d6a!8m2!3d-33.8739366!4d151.2081992!16s%2Fg%2F11g6pw5116!19sChIJSWzs2z2uEmsRan3a5PCuTjM?authuser=0&hl=en&rclk=1,-33.8739366,151.2081992
Sherwal,4.1,371,,Mediterranean restaurant,"ÓÉą
Queen Victoria Building, Shop 44; Level 1, 455 George St, Sydney NSW 2000, Australia",Hours,"Óāį
+61 2 9283 2807",http://www.sherwal.com.au/,"¬∑
Óóä
Dine-in, ¬∑
Óóä
Takeout, ¬∑
Óóä
Delivery",A$20‚Äď40 per person,https://www.google.com/maps/place/Sherwal/data=!4m7!3m6!1s0x6b12af33a0954ab3:0x42ad6f849657da17!8m2!3d-33.8721139!4d151.206738!16s%2Fg%2F11t1877dlc!19sChIJs0qVoDOvEmsRF9pXloRvrUI?authuser=0&hl=en&rclk=1,-33.8721139,151.206738
Yakiniku Yokocho,4.1,698,,Yakiniku restaurant,"ÓÉą
Shop 9.08, Level 9/501 George St, Sydney NSW 2000, Australia",Hours,"Óāį
+61 2 9261 3131",https://yakinikuyokocho.com.au/,"¬∑
Óóä
Dine-in, ¬∑
Óóä
Takeout, ¬∑
Óóć
Delivery",A$40‚Äď60 per person,https://www.google.com/maps/place/Yakiniku+Yokocho/data=!4m7!3m6!1s0x6b12af6d62602a25:0xab5b7c9c270e8b22!8m2!3d-33.8746599!4d151.2061342!16s%2Fg%2F11f6np270m!19sChIJJSpgYm2vEmsRIosOJ5x8W6s?authuser=0&hl=en&rclk=1,-33.8746599,151.2061342
Yama,4.4,521,,Japanese restaurant,"ÓÉą
Shop 2- 4 Level 2 QVB, Shop 2 - 4/455 George St, Sydney NSW 2000, Australia",Hours,"Óāį
+61 2 9269 0080",http://www.yama.com.au/,"¬∑
Óóä
Dine-in, ¬∑
Óóä
Takeout, ¬∑
Óóć
Delivery",A$20‚Äď40 per person,https://www.google.com/maps/place/Yama/data=!4m7!3m6!1s0x6b12ae3c36fc2c21:0xf322f6eeeeb1429c!8m2!3d-33.8710921!4d151.2067706!16s%2Fg%2F1tg_x7hb!19sChIJISz8NjyuEmsRnEKx7u72IvM?authuser=0&hl=en&rclk=1,-33.8710921,151.2067706
Sushi & Grill @ York Street,4.5,736,,Japanese restaurant,"ÓÉą
119 York St, Sydney NSW 2000, Australia",Hours,"Óāį
+61 2 9264 7888",http://sushiandgrill.com.au/,"¬∑
Óóä
Dine-in, ¬∑
Óóä
Takeout, ¬∑
Óóä
Delivery",A$20‚Äď40 per person,https://www.google.com/maps/place/Sushi+%26+Grill+@+York+Street/data=!4m7!3m6!1s0x6b12ae3eebf09de3:0x9ab22346d9a06e12!8m2!3d-33.8714661!4d151.2062311!16s%2Fg%2F1hf3tdq1m!19sChIJ453w6z6uEmsREm6g2UYjspo?authuser=0&hl=en&rclk=1,-33.8714661,151.2062311
Dymocks Cafe,4.2,501,,Cafe,"ÓÉą
Mezzanine Level, 428 George St, Sydney NSW 2000, Australia",Hours,"Óāį
+61 2 9233 7260",http://dymockscafe.com.au/,"¬∑
Óóä
Dine-in, ¬∑
Óóä
Takeout, ¬∑
Óóä
No-contact delivery",A$20‚Äď40 per person,https://www.google.com/maps/place/Dymocks+Cafe/data=!4m7!3m6!1s0x6b12ae3f090cc7df:0xa9ff58b1bfe0143a!8m2!3d-33.8699589!4d151.207383!16s%2Fg%2F1tkkv07m!19sChIJ38cMCT-uEmsROhTgv7FY_6k?authuser=0&hl=en&rclk=1,-33.8699589,151.207383
Fish at The Rocks,4.6,"1,306",Moderately priced,Seafood restaurant,"ÓÉą
29 Kent St, Millers Point NSW 2000, Australia",ÓĘĶ | Closed ¬∑ Opens 5:30‚ÄĮPM |  | Updated by phone call 8 weeks ago |  | See more hours |  | ÓĆē,"Óāį
+61 2 9252 4614",http://www.fishattherocks.com.au/,"¬∑
Óóä
Dine-in, ¬∑
Óóä
Takeout, ¬∑
Óóä
Delivery",,https://www.google.com/maps/place/Fish+at+The+Rocks/data=!4m7!3m6!1s0x6b12ae44914438cd:0x5ef57ee209bb69bc!8m2!3d-33.8586122!4d151.2034592!16s%2Fg%2F1tdq64wj!19sChIJzThEkUSuEmsRvGm7CeJ-9V4?authuser=0&hl=en&rclk=1,-33.8586122,151.2034592
Izgara,4.4,565,Moderately priced,Turkish restaurant,"ÓÉą
215 Clarence St, Sydney NSW 2000, Australia",Hours,"Óāį
+61 2 8033 7585",http://www.izgarasydney.com.au/,"¬∑
Óóä
Dine-in, ¬∑
Óóä
Takeout, ¬∑
Óóä
Delivery",,https://www.google.com/maps/place/Izgara/data=!4m7!3m6!1s0x6b12af7c3cdb99e9:0x424796d52815aa4a!8m2!3d-33.8701665!4d151.2053387!16s%2Fg%2F11j34xwx9j!19sChIJ6ZnbPHyvEmsRSqoVKNWWR0I?authuser=0&hl=en&rclk=1,-33.8701665,151.2053387
Regiment specialty coffee,4.4,440,,Cafe,"ÓÉą
333 George St, Sydney NSW 2000, Australia",Hours,"Óāį
+61 2 9299 4001",https://www.regimentcbd.com.au/,"¬∑
Óóä
Dine-in, ¬∑
Óóä
Takeout, ¬∑
Óóć
Delivery",A$1‚Äď20 per person,https://www.google.com/maps/place/Regiment+specialty+coffee/data=!4m7!3m6!1s0x6b12ae408d04b82b:0xf4f16383ce1eeaa0!8m2!3d-33.866928!4d151.2067899!16s%2Fg%2F11dywsqpxx!19sChIJK7gEjUCuEmsRoOoezoNj8fQ?authuser=0&hl=en&rclk=1,-33.866928,151.2067899
Medusa Greek Taverna,4.5,"1,117",Moderately priced,Greek restaurant,"ÓÉą
2 Market St, Sydney NSW 2000, Australia",Hours,"Óāį
+61 2 9267 0799",http://www.medusagreektaverna.com.au/,"¬∑
Óóä
Dine-in, ¬∑
Óóä
Takeout, ¬∑
Óóć
Delivery",,https://www.google.com/maps/place/Medusa+Greek+Taverna/data=!4m7!3m6!1s0x6b12ae3ed2635099:0xf5d2f4b294cd9096!8m2!3d-33.8707162!4d151.2045369!16s%2Fg%2F1wc31d8s!19sChIJmVBj0j6uEmsRlpDNlLL00vU?authuser=0&hl=en&rclk=1,-33.8707162,151.2045369
Pinky Ji,4.2,838,,Restaurant,"ÓÉą
next to Barbershop, 89 York St, Sydney NSW 2000, Australia",ÓĘĶ | Closed ¬∑ Opens 12‚ÄĮPM Mon |  | See more hours |  | ÓĆē,"Óāį
+61 2 9188 8848",https://www.pinkyji.com.au/,"¬∑
Óóä
Dine-in, ¬∑
Óóä
Takeout",,https://www.google.com/maps/place/Pinky+Ji/data=!4m7!3m6!1s0x6b12af9db049b1af:0xb107b4811358033!8m2!3d-33.8696481!4d151.2059185!16s%2Fg%2F11sbh1d1bb!19sChIJr7FJsJ2vEmsRM4A1EUh7EAs?authuser=0&hl=en&rclk=1,-33.8696481,151.2059185
Vic On George,3.9,92,,Breakfast restaurant,"ÓÉą
Level 3, Myer, 450 George St, Sydney NSW 2000, Australia",Hours,"Óāį
+61 2 9238 9560",,"¬∑
Óóä
Dine-in, ¬∑
Óóä
Takeout",A$20‚Äď40 per person,https://www.google.com/maps/place/Vic+On+George/data=!4m7!3m6!1s0x6b12ae3ef46f76af:0xdb345006081ca390!8m2!3d-33.8704808!4d151.2074778!16s%2Fg%2F11b6zq43f3!19sChIJr3Zv9D6uEmsRkKMcCAZQNNs?authuser=0&hl=en&rclk=1,-33.8704808,151.2074778
Albion Place Hotel,4.0,"1,096",,Pub,"ÓÉą
531 George St, Sydney NSW 2000, Australia",ÓĘĶ | Open ¬∑ Closes 4‚ÄĮAM |  | See more hours |  | ÓĆē,"Óāį
+61 2 9993 0760",https://albionplacehotel.com.au/,"¬∑
Óóä
Dine-in, ¬∑
Óóć
Takeout, ¬∑
Óóć
Delivery",A$20‚Äď40 per person,https://www.google.com/maps/place/Albion+Place+Hotel/data=!4m7!3m6!1s0x6b12ae3cf620d05f:0xd5b6c13ddfcac95d!8m2!3d-33.8756466!4d151.2061689!16zL20vMGc5Ymw1!19sChIJX9Ag9jyuEmsRXcnK3z3BttU?authuser=0&hl=en&rclk=1,-33.8756466,151.2061689
Ipoh town On York,4.1,"1,120",,Malaysian restaurant,"ÓÉą
83 York St, Sydney NSW 2000, Australia",Hours,"Óāį
+61 2 9299 0001",http://www.ipohtown.com.au/,"¬∑
Óóä
Dine-in, ¬∑
Óóä
Takeout, ¬∑
Óóä
Delivery",A$1‚Äď20 per person,https://www.google.com/maps/place/Ipoh+town+On+York/data=!4m7!3m6!1s0x6b12ae3f1628be9b:0x1cbce0c9b7a0ebd6!8m2!3d-33.8694444!4d151.2058333!16s%2Fg%2F11_qvkr82!19sChIJm74oFj-uEmsR1uugt8ngvBw?authuser=0&hl=en&rclk=1,-33.8694444,151.2058333
Georges Mediterranean,3.9,"1,211",Moderately priced,Greek restaurant,"ÓÉą
King Street Wharf, 3 The Promenade, Sydney NSW 2000, Australia",ÓĘĶ | Open ¬∑ Closes 9:30‚ÄĮPM |  | See more hours |  | ÓĆē,"Óāį
+61 2 9295 5066",http://www.georgesrestaurant.com.au/,"¬∑
Óóä
Dine-in, ¬∑
Óóä
Takeout, ¬∑
Óóć
Delivery",,https://www.google.com/maps/place/Georges+Mediterranean/data=!4m7!3m6!1s0x6b12ae477e5e1c59:0xdf2edef06fcdab98!8m2!3d-33.866664!4d151.2014112!16s%2Fg%2F1tdkb6w0!19sChIJWRxefkeuEmsRmKvNb_DeLt8?authuser=0&hl=en&rclk=1,-33.866664,151.2014112
Five Guys,4.2,"1,761",,Hamburger restaurant,"ÓÉą
383 George St, Sydney NSW 2000, Australia",ÓĘĶ | Open ¬∑ Closes 10‚ÄĮPM |  | Confirmed by this business 7 weeks ago |  | See more hours |  | ÓĆē,"Óāį
+61 2 9166 5088",https://restaurants.fiveguys.com.au/383-george-street?y_source=1_NDA4Nzg3MDgtNzE1LWxvY2F0aW9uLndlYnNpdGU%3D,"¬∑
Óóä
Dine-in, ¬∑
Óóä
Takeout, ¬∑
Óóä
No-contact delivery",A$20‚Äď40 per person,https://www.google.com/maps/place/Five+Guys/data=!4m7!3m6!1s0x6b12afa50b61e0cf:0x4e3e8b65d1e9d365!8m2!3d-33.869319!4d151.2066761!16s%2Fg%2F11t30_l6ch!19sChIJz-BhC6WvEmsRZdPp0WWLPk4?authuser=0&hl=en&rclk=1,-33.869319,151.2066761
Kingsleys Australian Steakhouse,4.3,"1,391",,Steak house,"ÓÉą
29a King St, Sydney NSW 2000, Australia",Hours,"Óāį
+61 2 9295 5080",http://www.kingsleysauststeak.com.au/,"¬∑
Óóä
Dine-in, ¬∑
Óóć
Takeout, ¬∑
Óóć
Delivery",,https://www.google.com/maps/place/Kingsleys+Australian+Steakhouse/data=!4m7!3m6!1s0x6b12ae38ca29acf3:0x20b2f679ed87eae0!8m2!3d-33.868878!4d151.2040481!16s%2Fg%2F1td3rnb1!19sChIJ86wpyjiuEmsR4OqH7Xn2siA?authuser=0&hl=en&rclk=1,-33.868878,151.2040481
Cellinis,4.1,536,,Restaurant,"ÓÉą
Queen Victoria Building, 46/48 George St, Sydney NSW 2000, Australia",Hours,"Óāį
+61 2 9264 4671",http://www.cellinis.net.au/,"¬∑
Óóä
Dine-in, ¬∑
Óóä
Takeout",A$20‚Äď40 per person,https://www.google.com/maps/place/Cellinis/data=!4m7!3m6!1s0x6b12ae3e8e9a81a9:0xc33eb1fd7a2a258b!8m2!3d-33.872344!4d151.206859!16s%2Fg%2F1tmpw3sl!19sChIJqYGajj6uEmsRiyUqev2xPsM?authuser=0&hl=en&rclk=1,-33.872344,151.206859
Meriton Retail Precinct George Street,4.5,51,Moderately priced,Diner,"ÓÉą
537/551 George St, Sydney NSW 2000, Australia",Hours,"Óāį
+61 2 9287 2888",http://www.meriton.com.au/apartments/georgestreet-retail-precinct/,"¬∑
Óóä
Dine-in, ¬∑
Óóä
Takeout",A$20‚Äď40 per person,https://www.google.com/maps/place/Meriton+Retail+Precinct+George+Street/data=!4m7!3m6!1s0x6b12ae3cf620edc3:0xd4b85e597274258a!8m2!3d-33.87584!4d151.205866!16s%2Fg%2F1pty23b1c!19sChIJw-0g9jyuEmsRiiV0clleuNQ?authuser=0&hl=en&rclk=1,-33.87584,151.205866
3 Wise Monkeys Pub,3.9,"3,143",,Pub,"ÓÉą
555 George St, Sydney NSW 2000, Australia",Hours,"Óāį
+61 2 9283 5855",http://www.3wisemonkeys.com.au/,"¬∑
Óóä
Dine-in, ¬∑
Óóä
Takeout, ¬∑
Óóć
Delivery",A$20‚Äď40 per person,https://www.google.com/maps/place/3+Wise+Monkeys+Pub/data=!4m7!3m6!1s0x6b12ae3cf27201d1:0x86e9c7979bb55c7d!8m2!3d-33.876205!4d151.205993!16s%2Fg%2F1tftr788!19sChIJ0QFy8jyuEmsRfVy1m5fH6YY?authuser=0&hl=en&rclk=1,-33.876205,151.205993
ABODE Bistro. Bar,4.3,276,,Restaurant,"ÓÉą
150 Day St, Sydney NSW 2000, Australia",Hours,"Óāį
+61 2 9260 2945",https://abodebistro.com/?utm_source=organic+search&utm_medium=GBP&utm_campaign=gbp-website-click,"¬∑
Óóä
Dine-in, ¬∑
Óóć
Takeout, ¬∑
Óóć
Delivery",,https://www.google.com/maps/place/ABODE+Bistro.+Bar/data=!4m7!3m6!1s0x6b12ae3bed2fc1df:0x7575752abdb21a0f!8m2!3d-33.873608!4d151.2035571!16s%2Fg%2F1tj6tzw4!19sChIJ38Ev7TuuEmsRDxqyvSp1dXU?authuser=0&hl=en&rclk=1,-33.873608,151.2035571
Butter Salt Pepper,4.8,133,,Restaurant,"ÓÉą
372 Kent St, Sydney NSW 2000, Australia",Hours,,,"¬∑
Óóä
Dine-in, ¬∑
Óóä
Takeout, ¬∑
Óóä
No-contact delivery",A$1‚Äď20 per person,https://www.google.com/maps/place/Butter+Salt+Pepper/data=!4m7!3m6!1s0x6b12af55b8d54e93:0x3d109754464397af!8m2!3d-33.8706289!4d151.2050245!16s%2Fg%2F11frhckgn6!19sChIJk07VuFWvEmsRr5dDRlSXED0?authuser=0&hl=en&rclk=1,-33.8706289,151.2050245
Locali by Romeo's IGA,4.4,187,,Supermarket,"ÓÉą
388 George St, Sydney NSW 2000, Australia",ÓĘĶ | Open ¬∑ Closes 7‚ÄĮPM |  | See more hours |  | ÓĆē,"Óāį
+61 2 8251 8200",https://localibyromeos.com.au/,"¬∑
Óóä
Dine-in, ¬∑
Óóä
Delivery",,https://www.google.com/maps/place/Locali+by+Romeo%27s+IGA/data=!4m7!3m6!1s0x6b12afce6dc5cd5b:0xdcb0fdf368d10d7c!8m2!3d-33.8683127!4d151.2073728!16s%2Fg%2F11pbsj9wfy!19sChIJW83Fbc6vEmsRfA3RaPP9sNw?authuser=0&hl=en&rclk=1,-33.8683127,151.2073728
Gram Cafe & Pancakes The Galeries,4.1,944,,Pancake restaurant,"ÓÉą
Shop RG016, 500 George St, Sydney NSW 2000, Australia",Hours,"Óāį
+61 2 8084 0866",https://www.gramaustralia.com.au/,"¬∑
Óóä
Dine-in, ¬∑
Óóä
Takeout, ¬∑
Óóä
No-contact delivery",A$20‚Äď40 per person,https://www.google.com/maps/place/Gram+Cafe+%26+Pancakes+The+Galeries/data=!4m7!3m6!1s0x6b12afc7559708fd:0x95fc369ed5fa186a!8m2!3d-33.8721608!4d151.2077315!16s%2Fg%2F11rd00qwst!19sChIJ_QiXVcevEmsRahj61Z42_JU?authuser=0&hl=en&rclk=1,-33.8721608,151.2077315
"Strangers' Restaurant, NSW Parliament Sydney CBD",4.5,59,,Modern Australian restaurant,"ÓÉą
6 Macquarie St, Sydney NSW 2000, Australia",Hours,"Óāį
+61 2 9230 2124",https://parliamentarycatering.com.au/experience/strangers-restaurant/,"¬∑
Óóä
Dine-in, ¬∑
Óóć
Takeout, ¬∑
Óóć
Delivery",A$80‚Äď100 per person,"https://www.google.com/maps/place/Strangers%27+Restaurant,+NSW+Parliament+Sydney+CBD/data=!4m7!3m6!1s0x6b12af84b0528aed:0x6eb9406e63fd7f60!8m2!3d-33.8674319!4d151.2127188!16s%2Fg%2F11gsn3d5ll!19sChIJ7YpSsISvEmsRYH_9Y25AuW4?authuser=0&hl=en&rclk=1",-33.8674319,151.2127188
Wholegreen Bakery & Cafe Sydney City,4.5,400,,Gluten-free restaurant,"ÓÉą
257 Clarence St, Sydney NSW 2000, Australia",Hours,"Óāį
+61 2 9286 3963",http://www.wholegreenbakery.com.au/,"¬∑
Óóä
Dine-in, ¬∑
Óóä
Takeout, ¬∑
Óóä
No-contact delivery",A$1‚Äď20 per person,https://www.google.com/maps/place/Wholegreen+Bakery+%26+Cafe+Sydney+City/data=!4m7!3m6!1s0x6b12af023c072071:0x7bb7c200c7dd569f!8m2!3d-33.8716284!4d151.2054569!16s%2Fg%2F11j358tvb1!19sChIJcSAHPAKvEmsRn1bdxwDCt3s?authuser=0&hl=en&rclk=1,-33.8716284,151.2054569
Georgie Boy's Coffee Co - Westfield Sydney Central Plaza,4.3,59,,Cafe,"ÓÉą
450 George St, Sydney NSW 2000, Australia",Hours,,https://georgieboys.com.au/,"¬∑
Óóä
Dine-in, ¬∑
Óóä
Takeout, ¬∑
Óóć
Delivery",A$1‚Äď20 per person,https://www.google.com/maps/place/Georgie+Boy%27s+Coffee+Co+-+Westfield+Sydney+Central+Plaza/data=!4m7!3m6!1s0x6b12af3334291ced:0xd1ab7279b3598fb9!8m2!3d-33.8702541!4d151.2076836!16s%2Fg%2F11p14cfr4k!19sChIJ7RwpNDOvEmsRuY9Zs3lyq9E?authuser=0&hl=en&rclk=1,-33.8702541,151.2076836
Cockle Bay Wharf Restaurant,4.0,1,,Restaurant,"ÓÉą
770 George St, Sydney NSW 2000, Australia",,"Óāį
+44 7760 858062",,"¬∑
Óóä
Dine-in",,https://www.google.com/maps/place/Cockle+Bay+Wharf+Restaurant/data=!4m7!3m6!1s0x6b12afaeec9061c1:0xd3b0f680ee490f19!8m2!3d-33.8807042!4d151.2052405!16s%2Fg%2F11t7b9yrz8!19sChIJwWGQ7K6vEmsRGQ9J7oD2sNM?authuser=0&hl=en&rclk=1,-33.8807042,151.2052405
Pepper Lunch,3.7,"1,405",,Restaurant,"ÓÉą
Shop 10/537 George St, Sydney NSW 2000, Australia",Hours,"Óāį
+61 2 9283 2017",https://www.pepperlunch.com.au/,"¬∑
Óóä
Dine-in, ¬∑
Óóä
Takeout, ¬∑
Óóä
Delivery",A$20‚Äď40 per person,https://www.google.com/maps/place/Pepper+Lunch/data=!4m7!3m6!1s0x6b12ae3cf6980475:0x8d0c41c023eebe19!8m2!3d-33.8760295!4d151.2060494!16s%2Fg%2F1tdnfdkn!19sChIJdQSY9jyuEmsRGb7uI8BBDI0?authuser=0&hl=en&rclk=1,-33.8760295,151.2060494
Nazimi Japanese Restaurant & Cafe,4.2,457,,Japanese restaurant,"ÓÉą
141 York St, Sydney NSW 2000, Australia",Hours,"Óāį
+61 2 9283 2990",http://nazimi.com.au/,"¬∑
Óóä
Dine-in, ¬∑
Óóä
Takeout, ¬∑
Óóä
Delivery",A$20‚Äď40 per person,https://www.google.com/maps/place/Nazimi+Japanese+Restaurant+%26+Cafe/data=!4m7!3m6!1s0x6b12ae3e9120325b:0x99c630632a1c8011!8m2!3d-33.8723682!4d151.2061812!16s%2Fg%2F1tfnyr99!19sChIJWzIgkT6uEmsREYAcKmMwxpk?authuser=0&hl=en&rclk=1,-33.8723682,151.2061812
ivy Sydney,3.9,"4,121",Moderately priced,Bar,"ÓÉą
330 George St, Sydney NSW 2000, Australia",,"Óāį
+61 2 9240 3000",https://merivale.com/venues/ivy?&utm_source=googlemybusiness_venue&utm_medium=organic&utm_campaign=googlemybusiness_venue_organic_ivyprecinct&utm_content=website,"¬∑
Óóä
Dine-in, ¬∑
Óóć
Takeout, ¬∑
Óóć
Delivery",,https://www.google.com/maps/place/ivy+Sydney/data=!4m7!3m6!1s0x6b12ae4059c0015b:0x9107c30771c45336!8m2!3d-33.866573!4d151.2075269!16s%2Fg%2F113j08jdw!19sChIJWwHAWUCuEmsRNlPEcQfDB5E?authuser=0&hl=en&rclk=1,-33.866573,151.2075269
World Square,4.3,"12,375",Moderately priced,Shopping mall,"ÓÉą
644 George St, Sydney NSW 2000, Australia",Hours,"Óāį
+61 2 8275 6777",https://www.worldsquare.com.au/?utm_source=google&utm_medium=organic&utm_campaign=Google%20My%20Business%20Page,,,https://www.google.com/maps/place/World+Square/data=!4m7!3m6!1s0x6b12ae3cc9d8039b:0x1b0bd5dd57af495f!8m2!3d-33.8771211!4d151.2069237!16s%2Fm%2F0284j32!19sChIJmwPYyTyuEmsRX0mvV93VCxs?authuser=0&hl=en&rclk=1,-33.8771211,151.2069237
McDonald's The Strand Arcade,3.6,"3,051",,Restaurant,"ÓÉą
375-377 George St, Sydney NSW 2000, Australia",Hours,"Óāį
+61 2 9299 8203",https://mcdonalds.com.au/?utm_medium=local&utm_source=google%20my%20business&utm_campaign=local%20search&utm_content=nsw&utm_term=mcdonalds%20the%20strand%20arcade,"¬∑
Óóä
Dine-in, ¬∑
Óóä
Takeout, ¬∑
Óóä
No-contact delivery",A$1‚Äď20 per person,https://www.google.com/maps/place/McDonald%27s+The+Strand+Arcade/data=!4m7!3m6!1s0x6b12ae3c5a01f6d9:0x560ed27f2cd4317c!8m2!3d-33.8692563!4d151.2066748!16s%2Fg%2F11xjhqzsr!19sChIJ2fYBWjyuEmsRfDHULH_SDlY?authuser=0&hl=en&rclk=1,-33.8692563,151.2066748
Toastiesmith The Galeries,4.1,184,,Sandwich shop,"ÓÉą
Shop RG15 (Ground Level), The Galeries, 500 George St, Sydney NSW 2000, Australia",Hours,,https://toastiesmith.com.au/,"¬∑
Óóä
Dine-in, ¬∑
Óóä
Takeout, ¬∑
Óóä
No-contact delivery",A$1‚Äď20 per person,https://www.google.com/maps/place/Toastiesmith+The+Galeries/data=!4m7!3m6!1s0x6b12af00ba069e77:0x247bb221bfcef5f3!8m2!3d-33.8725518!4d151.2076174!16s%2Fg%2F11rq2d0m49!19sChIJd54GugCvEmsR8_XOvyGyeyQ?authuser=0&hl=en&rclk=1,-33.8725518,151.2076174
Nene Chicken (George Street),3.9,939,,Korean restaurant,"ÓÉą
Shop 8/505 George St, Sydney NSW 2000, Australia",ÓĘĶ | Open ¬∑ Closes 1‚ÄĮAM |  | See more hours |  | ÓĆē,"Óāį
+61 2 9286 3310",https://nenechicken.com.au/menu,"¬∑
Óóä
Dine-in, ¬∑
Óóä
Curbside pickup, ¬∑
Óóä
No-contact delivery",A$20‚Äď40 per person,https://www.google.com/maps/place/Nene+Chicken+%28George+Street%29/data=!4m7!3m6!1s0x6b12af93bdc3429d:0x398ff293cbcc1fc!8m2!3d-33.8751098!4d151.2064109!16s%2Fg%2F11t82sr1d7!19sChIJnULDvZOvEmsR_MG8PCn_mAM?authuser=0&hl=en&rclk=1,-33.8751098,151.2064109
Gami Chicken & Beer,4.7,"1,738",,Chicken restaurant,"ÓÉą
178 Clarence St, Sydney NSW 2000, Australia",Hours,"Óāį
+61 2 9262 3000",https://gamichicken.com.au/?utm_source=google&utm_medium=organic&utm_campaign=gmb-market-street&utm_term=gmb-market-street&utm_content=gmb-market-street,"¬∑
Óóä
Dine-in, ¬∑
Óóä
Curbside pickup, ¬∑
Óóä
No-contact delivery",A$20‚Äď40 per person,https://www.google.com/maps/place/Gami+Chicken+%26+Beer/data=!4m7!3m6!1s0x6b12afe2aefcfbfb:0x80449935e927269e!8m2!3d-33.8705046!4d151.2056954!16s%2Fg%2F11h_vy9zs2!19sChIJ-_v8ruKvEmsRniYn6TWZRIA?authuser=0&hl=en&rclk=1,-33.8705046,151.2056954
Cicchetti Wine Bar,3.5,307,,Wine bar,"ÓÉą
2nd/455 George St, Sydney NSW 2000, Australia",,"Óāį
+61 2 8084 5470",https://cicchettiwinebar.com.au/,"¬∑
Óóä
Dine-in, ¬∑
Óóć
Delivery",A$40‚Äď60 per person,https://www.google.com/maps/place/Cicchetti+Wine+Bar/data=!4m7!3m6!1s0x6b12ae3ef25fdccb:0x3581ac506f7cac36!8m2!3d-33.8716712!4d151.2067839!16s%2Fg%2F11b6j1jvll!19sChIJy9xf8j6uEmsRNqx8b1CsgTU?authuser=0&hl=en&rclk=1,-33.8716712,151.2067839
McDonald's Plaza Metro George St,3.6,"3,571",,Fast food restaurant,"ÓÉą
600 George St, Sydney NSW 2000, Australia",Hours,"Óāį
+61 2 9264 1661",https://mcdonalds.com.au/?utm_medium=local&utm_source=google%20my%20business&utm_campaign=local%20search&utm_content=nsw&utm_term=mcdonalds%20plaza%20metro%20george%20st,"¬∑
Óóä
Dine-in, ¬∑
Óóä
Takeout, ¬∑
Óóä
No-contact delivery",A$1‚Äď20 per person,https://www.google.com/maps/place/McDonald%27s+Plaza+Metro+George+St/data=!4m7!3m6!1s0x6b12ae3c5a01f6d9:0xd74cb8be68c534da!8m2!3d-33.8753728!4d151.2067834!16s%2Fg%2F1hc37tybm!19sChIJ2fYBWjyuEmsR2jTFaL64TNc?authuser=0&hl=en&rclk=1,-33.8753728,151.2067834
Hakata Gensuke Regent Place - Ramen Professional,4.2,934,,Ramen restaurant,"ÓÉą
Regent Place Shopping Centre, 501 George St, Sydney NSW 2000, Australia",ÓĘĶ | Open ¬∑ Closes 9‚ÄĮPM |  | See more hours |  | ÓĆē,"Óāį
+61 426 875 988",http://www.gensuke.com.au/regentplace,"¬∑
Óóä
Dine-in, ¬∑
Óóä
Takeout, ¬∑
Óóä
Delivery",A$20‚Äď40 per person,https://www.google.com/maps/place/Hakata+Gensuke+Regent+Place+-+Ramen+Professional/data=!4m7!3m6!1s0x6b12af23cde668c5:0xa3921a8b1cdbfc7e!8m2!3d-33.8743526!4d151.2062472!16s%2Fg%2F11kqbyrpk6!19sChIJxWjmzSOvEmsRfvzbHIsakqM?authuser=0&hl=en&rclk=1,-33.8743526,151.2062472
Ichi-ban Boshi,3.9,"1,442",,Japanese restaurant,"ÓÉą
The Galeries, Level 2/500 George St, Sydney NSW 2000, Australia",Hours,"Óāį
+61 2 9262 7677",http://www.ichibanboshi.com.au/,"¬∑
Óóä
Dine-in, ¬∑
Óóä
Curbside pickup, ¬∑
Óóä
No-contact delivery",A$20‚Äď40 per person,https://www.google.com/maps/place/Ichi-ban+Boshi/data=!4m7!3m6!1s0x6b12ae3e5fda3c47:0x5c222b5f1e775090!8m2!3d-33.8724408!4d151.2071504!16s%2Fg%2F1td8z8fv!19sChIJRzzaXz6uEmsRkFB3Hl8rIlw?authuser=0&hl=en&rclk=1,-33.8724408,151.2071504
Grill'd Galeries,3.8,"1,065",,Restaurant,"ÓÉą
The Galeries, 500 George St, Sydney NSW 2000, Australia",Hours,"Óāį
+61 2 9264 9566",https://grilld.com.au/restaurants/new-south-wales/galeries?utm_source=google&utm_medium=local&utm_campaign=gbp,"¬∑
Óóä
Dine-in, ¬∑
Óóä
Takeout, ¬∑
Óóä
No-contact delivery",A$20‚Äď40 per person,https://www.google.com/maps/place/Grill%27d+Galeries/data=!4m7!3m6!1s0x6b12ae3e621e29e9:0x93f55350b4f32d85!8m2!3d-33.8722994!4d151.2073174!16s%2Fg%2F11bxc7z_k2!19sChIJ6SkeYj6uEmsRhS3ztFBT9ZM?authuser=0&hl=en&rclk=1,-33.8722994,151.2073174
Fabbrica Pasta Shop CBD,4.2,849,,Italian restaurant,"ÓÉą
161 King St, Sydney NSW 2000, Australia",ÓĘĶ | Open ¬∑ Closes 10‚ÄĮPM |  | See more hours |  | ÓĆē,"Óāį
+61 2 9064 8495",http://www.ciaofabbrica.com/,"¬∑
Óóä
Dine-in, ¬∑
Óóä
Takeout, ¬∑
Óóä
Delivery",A$40‚Äď60 per person,https://www.google.com/maps/place/Fabbrica+Pasta+Shop+CBD/data=!4m7!3m6!1s0x6b12aff025ee906b:0x386b3846500ab38b!8m2!3d-33.8692083!4d151.210066!16s%2Fg%2F11kzhxrc76!19sChIJa5DuJfCvEmsRi7MKUEY4azg?authuser=0&hl=en&rclk=1,-33.8692083,151.210066
North Indian Flavour - Street Food,3.6,361,,North Indian restaurant,"ÓÉą
537 George St, Sydney NSW 2000, Australia",Hours,"Óāį
+61 432 658 212",https://www.northindianflavour.com/,"¬∑
Óóä
Dine-in, ¬∑
Óóä
Takeout, ¬∑
Óóä
Delivery",A$1‚Äď20 per person,https://www.google.com/maps/place/North+Indian+Flavour+-+Street+Food/data=!4m7!3m6!1s0x6b12af47c2954fc5:0x76d9b633035937a2!8m2!3d-33.8758154!4d151.2062202!16s%2Fg%2F11stsyvmw9!19sChIJxU-VwkevEmsRojdZAzO22XY?authuser=0&hl=en&rclk=1,-33.8758154,151.2062202
Dumpling Sis,4.1,79,,Chinese takeaway,"ÓÉą
Lower Ground, The Galeries, 500 George St, Sydney NSW 2000, Australia",,,,"¬∑
Óóä
Brunch",A$1‚Äď20 per person,https://www.google.com/maps/place/Dumpling+Sis/data=!4m7!3m6!1s0x6b12af78c54e2c81:0x621bd685ab14292f!8m2!3d-33.8723158!4d151.2075115!16s%2Fg%2F11sbmwf7n3!19sChIJgSxOxXivEmsRLykUq4XWG2I?authuser=0&hl=en&rclk=1,-33.8723158,151.2075115
Sushi Hotaru,4.0,"1,956",,Sushi restaurant,"ÓÉą
500 George St, Sydney NSW 2000, Australia",ÓĘĶ | Open ¬∑ Closes 8:30‚ÄĮPM |  | See more hours |  | ÓĆē,"Óāį
+61 2 9264 9917",https://www.sushihotaru.com.au/,"¬∑
Óóä
Dine-in, ¬∑
Óóä
Takeout, ¬∑
Óóä
Delivery",A$20‚Äď40 per person,https://www.google.com/maps/place/Sushi+Hotaru/data=!4m7!3m6!1s0x6b12ae3e67a83743:0x3c9e59fcf0a9f3ec!8m2!3d-33.872405!4d151.207551!16s%2Fg%2F1hc7nn4m8!19sChIJQzeoZz6uEmsR7POp8PxZnjw?authuser=0&hl=en&rclk=1,-33.872405,151.207551
G√∂zleme King Sydney,4.3,221,,Turkish restaurant,"ÓÉą
Central Plaza, 1 Westfield Sydney, 450 George St, Sydney NSW 2000, Australia",Hours,,http://gozlemeking.com.au/,"¬∑
Óóä
Dine-in, ¬∑
Óóä
Takeout, ¬∑
Óóä
Delivery",A$1‚Äď20 per person,https://www.google.com/maps/place/G%C3%B6zleme+King+Sydney/data=!4m7!3m6!1s0x6b12ae3fa97cd745:0x6aecf365bf497c08!8m2!3d-33.8705328!4d151.207577!16s%2Fg%2F11cn0339bf!19sChIJRdd8qT-uEmsRCHxJv2Xz7Go?authuser=0&hl=en&rclk=1,-33.8705328,151.207577
FISHBOWL - The Galeries,4.1,221,,Fast food restaurant,"ÓÉą
500 George St, Sydney NSW 2000, Australia",Hours,,,"¬∑
Óóä
Dine-in, ¬∑
Óóä
Takeout, ¬∑
Óóä
No-contact delivery",A$1‚Äď20 per person,https://www.google.com/maps/place/FISHBOWL+-+The+Galeries/data=!4m7!3m6!1s0x6b12ae3e60105551:0xc010f76f90a145e3!8m2!3d-33.8723996!4d151.2071178!16s%2Fg%2F11f1mv0m5g!19sChIJUVUQYD6uEmsR40WhkG_3EMA?authuser=0&hl=en&rclk=1,-33.8723996,151.2071178
